hotel_names,location,price,score_hotels,number_rating,star_number,received_time,giveback_time,description,hotel_link,id
Khách sạn Sepon,"Trong khu vực
Xem bản đồ
09 Trần Hưng Đạo, Thị trấn Lao Bảo, Hướng Hóa, Quảng Trị, Hướng Hóa, Quảng Trị, Việt Nam",171578,No value,No value,2,No value,No value,"Khách sạn Sepon là một khách sạn nằm trong khu vực an ninh, toạ lạc tại Lao Bảo.
Xem thêm",https://www.traveloka.com/vi-vn/hotel/detail?spec=04-12-2025.05-12-2025.1.1.HOTEL.9000006053449.Kh%C3%A1ch%20s%E1%BA%A1n%20Sepon.1&loginPromo=1&prevSearchId=1850570685015945093&iuid=32a2683c-815a-4e18-9e8e-3e2909a15fbe,1
Khách sạn Khanh Phuong Luxury,"Trong khu vực
Xem bản đồ
2 Hùng Vương, Thị trấn Khe Sanh, Hướng Hóa, Quảng Trị, Việt Nam
Cầu treo Đakrong
9.40 km",441030,No value,No value,3,No value,No value,"Khanh Phuong Luxury Hotel là một khách sạn nằm trong khu vực an ninh, toạ lạc tại Khe Sanh. Quầy tiếp tân 24 giờ luôn sẵn sàng phục vụ quý khách từ thủ tục nhận phòng đến trả phòng hay bất kỳ yêu cầu nào. Nếu cần giúp đỡ xin hãy liên hệ đội ngũ tiếp tân, chúng tôi luôn sẵn sàng hỗ trợ quý khách.
Xem thêm",https://www.traveloka.com/vi-vn/hotel/detail?spec=04-12-2025.05-12-2025.1.1.HOTEL.9000005273776.Kh%C3%A1ch%20s%E1%BA%A1n%20Khanh%20Phuong%20Luxury.1&loginPromo=1&prevSearchId=1850570685015945093&iuid=e4b70aa7-ddb5-4fe2-995c-30275b5518bb,2
Khe Sanh Luxury Hotel,"Trong khu vực
Xem bản đồ
Km5 Hồ Chí Minh, Hướng Hóa, Quảng Trị, Việt Nam, 48000",347820,"8,0",3,4,No value,No value,"Lưu trú tại Khe Sanh Luxury Hotel là một lựa chọn đúng đắn khi quý khách đến thăm Hướng Hóa. Quầy tiếp tân 24 giờ luôn sẵn sàng phục vụ quý khách từ thủ tục nhận phòng đến trả phòng hay bất kỳ yêu cầu nào. Nếu cần giúp đỡ xin hãy liên hệ đội ngũ tiếp tân, chúng tôi luôn sẵn sàng hỗ trợ quý khách.
Xem thêm",https://www.traveloka.com/vi-vn/hotel/detail?spec=04-12-2025.05-12-2025.1.1.HOTEL.9000003297383.Khe%20Sanh%20Luxury%20Hotel.1&loginPromo=1&prevSearchId=1850570685015945093&iuid=0a14c107-8ddf-4f4b-8df0-1483ffb88902,3
Khách sạn Green,"Trong khu vực
Xem bản đồ
36 Đường Lê Duẩn, Khe Sanh, Hướng Hóa, Quảng Trị, Việt Nam
Cầu treo Đakrong
8.53 km",204716,No value,No value,2,No value,No value,"Khách sạn Green là một khách sạn nằm trong khu vực an ninh, toạ lạc tại Khe Sanh.
Xem thêm",https://www.traveloka.com/vi-vn/hotel/detail?spec=04-12-2025.05-12-2025.1.1.HOTEL.9000006932566.Kh%C3%A1ch%20s%E1%BA%A1n%20Green.1&loginPromo=1&prevSearchId=1850570685015945093&iuid=27f365a8-6d4c-4889-9f36-abb321d95eaf,4
