hotel_names,location,price,score_hotels,number_rating,star_number,received_time,giveback_time,description,hotel_link
Seabird Hotel Thien Cam,"Trong khu vực
Xem bản đồ
Trần Phú, Thị trấn Thiên Cầm, Cẩm Xuyên, Hà Tĩnh, Việt Nam, 46109
Gần khu vui chơi giải trí
Bãi biển Thiên Cầm
866 m
Núi Thiên Cầm
630 m",1.050.615 VND,"8,9",5 đánh giá,4,No value,No value,"Seabird Hotel Thien Cam là một khách sạn nằm trong khu vực an ninh, toạ lạc tại Cẩm Xuyên. Quầy tiếp tân 24 giờ luôn sẵn sàng phục vụ quý khách từ thủ tục nhận phòng đến trả phòng hay bất kỳ yêu cầu nào. Nếu cần giúp đỡ xin hãy liên hệ đội ngũ tiếp tân, chúng tôi luôn sẵn sàng hỗ trợ quý khách. Sóng WiFi phủ khắp các khu vực chung của khách sạn cho phép quý khách luôn kết nối với gia đình và bè bạn.
Xem thêm",https://www.traveloka.com/vi-vn/hotel/detail?spec=04-12-2025.05-12-2025.1.1.HOTEL.9000002448550.Seabird%20Hotel%20Thien%20Cam.1&loginPromo=1&prevSearchId=1850570731533920268&iuid=b771a43d-4b50-46e3-b898-4bcf0d7580f3
